div,points,max,min,mean,stdev
b-east,"[27,24,22,22,20,16,15,15,13,12,12,0]",27,0,16.5,7.192167456843085
heroic,"[30,23,22,20,17,16,16,10,9,5]",30,5,16.8,7.435649863252633
c-west,"[28,24,21,21,21,20,19,16,11,10,4]",28,4,17.727272727272727,6.929515265744193
b-west,"[35,24,22,22,13,10]",35,10,21,8.854377448471462
d-east,"[32,26,22,15,13,11,7]",32,7,18,8.94427190999916
d-west,"[23,21,20,18,18,15,15,13,11,10,1]",23,1,15,6.196773353931867
a,"[27,27,25,25,20,19,17,15,13,11]",27,11,19.9,5.896326540030383
e,"[33,25,25,19,13,10,1]",33,1,18,10.816653826391969
c-east,"[23,22,22,22,19,18,18,15,14,12,10,3]",23,3,16.5,6.007570980929738
